categories,repos,repo_id,interval,commits
Quantum-Chemistry,30,0D
Quantum-Chemistry,30,3D
Quantum-Chemistry,30,3D
Quantum-Chemistry,30,7D
Quantum-Chemistry,30,8D
Quantum-Chemistry,30,12D
Quantum-Chemistry,30,46D
Quantum-Chemistry,30,46D
Quantum-Chemistry,30,46D
Quantum-Chemistry,30,46D
Quantum-Chemistry,30,75D
Quantum-Chemistry,30,107D
Quantum-Chemistry,30,125D
Quantum-Chemistry,30,134D
Quantum-Chemistry,30,134D
Quantum-Chemistry,30,134D
Quantum-Chemistry,30,134D
Quantum-Chemistry,30,134D
Quantum-Chemistry,30,134D
Quantum-Chemistry,30,134D
Quantum-Chemistry,30,134D
Quantum-Chemistry,30,134D
Quantum-Chemistry,30,134D
Quantum-Chemistry,30,134D
Quantum-Chemistry,30,134D
Quantum-Chemistry,30,134D
Quantum-Chemistry,60,0D
Quantum-Chemistry,60,1D
Quantum-Chemistry,60,6D
Quantum-Chemistry,60,12D
Quantum-Chemistry,60,21D
Quantum-Chemistry,60,50D
Quantum-Chemistry,60,50D
Quantum-Chemistry,60,128D
Quantum-Chemistry,60,140D
Quantum-Chemistry,60,140D
Quantum-Chemistry,60,140D
Quantum-Chemistry,60,140D
Quantum-Chemistry,60,140D
Quantum-Chemistry,60,140D
Quantum-Chemistry,60,149D
Quantum-Chemistry,90,0D
Quantum-Chemistry,90,6D
Quantum-Chemistry,90,16D
Quantum-Chemistry,90,50D
Quantum-Chemistry,90,100D
Quantum-Chemistry,90,140D
Quantum-Chemistry,90,140D
Quantum-Chemistry,90,140D
Quantum-Chemistry,90,140D
Quantum-Chemistry,90,151D
Quantum-Chemistry,120,0D
Quantum-Chemistry,120,10D
Quantum-Chemistry,120,11D
Quantum-Chemistry,120,19D
Quantum-Chemistry,120,28D
Quantum-Chemistry,120,28D
Quantum-Chemistry,120,35D
Quantum-Chemistry,120,44D
Quantum-Chemistry,120,84D
Quantum-Chemistry,120,88D
Quantum-Chemistry,120,128D
Quantum-Chemistry,120,188D
Quantum-Chemistry,120,250D
Quantum-Chemistry,120,282D
Quantum-Chemistry,120,288D
Quantum-Chemistry,120,288D
Quantum-Chemistry,120,59D
Quantum-Chemistry,120,73D
Quantum-Chemistry,120,159D
Quantum-Chemistry,120,213D
Quantum-Chemistry,120,231D
Quantum-Chemistry,120,259D
Quantum-Chemistry,120,359D
Quantum-Chemistry,120,377D
Quantum-Chemistry,120,554D
Quantum-Chemistry,120,659D
Quantum-Chemistry,120,751D
Quantum-Chemistry,120,759D
Quantum-Chemistry,120,823D
Quantum-Chemistry,120,877D
Quantum-Chemistry,120,940D
Quantum-Chemistry,120,146D
Quantum-Chemistry,120,362D
Quantum-Chemistry,120,462D
Quantum-Chemistry,120,738D
Quantum-Chemistry,120,862D
Quantum-Chemistry,120,1248D
Quantum-Chemistry,120,1D
Quantum-Chemistry,120,12D
Quantum-Chemistry,120,50D
Quantum-Chemistry,120,126D
Quantum-Chemistry,120,141D
Quantum-Chemistry,120,141D
Quantum-Chemistry,120,141D
Quantum-Chemistry,150,0D
Quantum-Chemistry,150,11D
Quantum-Chemistry,150,20D
Quantum-Chemistry,150,29D
Quantum-Chemistry,150,31D
Quantum-Chemistry,150,46D
Quantum-Chemistry,150,86D
Quantum-Chemistry,150,90D
Quantum-Chemistry,150,133D
Quantum-Chemistry,150,201D
Quantum-Chemistry,150,279D
Quantum-Chemistry,150,290D
Quantum-Chemistry,150,59D
Quantum-Chemistry,150,159D
Quantum-Chemistry,150,204D
Quantum-Chemistry,150,230D
Quantum-Chemistry,150,259D
Quantum-Chemistry,150,359D
Quantum-Chemistry,150,534D
Quantum-Chemistry,150,659D
Quantum-Chemistry,150,759D
Quantum-Chemistry,150,793D
Quantum-Chemistry,150,859D
Quantum-Chemistry,150,940D
Quantum-Chemistry,150,146D
Quantum-Chemistry,150,403D
Quantum-Chemistry,150,603D
Quantum-Chemistry,150,803D
Quantum-Chemistry,150,1197D
Quantum-Chemistry,150,3D
Quantum-Chemistry,150,17D
Quantum-Chemistry,150,99D
Quantum-Chemistry,150,140D
Quantum-Chemistry,150,140D
Quantum-Chemistry,150,153D
Quantum-Chemistry,180,0D
Quantum-Chemistry,180,11D
Quantum-Chemistry,180,14D
Quantum-Chemistry,180,29D
Quantum-Chemistry,180,31D
Quantum-Chemistry,180,46D
Quantum-Chemistry,180,90D
Quantum-Chemistry,180,130D
Quantum-Chemistry,180,190D
Quantum-Chemistry,180,278D
Quantum-Chemistry,180,290D
Quantum-Chemistry,180,64D
Quantum-Chemistry,180,159D
Quantum-Chemistry,180,223D
Quantum-Chemistry,180,259D
Quantum-Chemistry,180,359D
Quantum-Chemistry,180,554D
Quantum-Chemistry,180,659D
Quantum-Chemistry,180,759D
Quantum-Chemistry,180,859D
Quantum-Chemistry,180,940D
Quantum-Chemistry,180,146D
Quantum-Chemistry,180,362D
Quantum-Chemistry,180,664D
Quantum-Chemistry,180,1145D
Quantum-Chemistry,180,6D
Quantum-Chemistry,180,50D
Quantum-Chemistry,180,150D
Quantum-Chemistry,180,150D
Quantum-Chemistry,180,160D
ToolKit,30,0D
ToolKit,30,19D
ToolKit,30,26D
ToolKit,30,49D
ToolKit,30,84D
ToolKit,30,84D
ToolKit,30,84D
ToolKit,30,84D
ToolKit,30,84D
ToolKit,30,84D
ToolKit,30,84D
ToolKit,30,84D
ToolKit,30,84D
ToolKit,30,84D
ToolKit,30,84D
ToolKit,30,84D
ToolKit,30,87D
ToolKit,30,90D
ToolKit,30,90D
ToolKit,30,130D
ToolKit,30,130D
ToolKit,30,148D
ToolKit,30,184D
ToolKit,30,199D
ToolKit,30,221D
ToolKit,30,221D
ToolKit,60,0D
ToolKit,60,26D
ToolKit,60,56D
ToolKit,60,94D
ToolKit,60,94D
ToolKit,60,94D
ToolKit,60,94D
ToolKit,60,94D
ToolKit,60,94D
ToolKit,60,106D
ToolKit,60,158D
ToolKit,60,179D
ToolKit,60,244D
ToolKit,60,271D
ToolKit,90,0D
ToolKit,90,35D
ToolKit,90,95D
ToolKit,90,95D
ToolKit,90,95D
ToolKit,90,95D
ToolKit,90,109D
ToolKit,90,189D
ToolKit,90,254D
ToolKit,90,281D
ToolKit,120,0D
ToolKit,120,59D
ToolKit,120,98D
ToolKit,120,98D
ToolKit,120,98D
ToolKit,120,165D
ToolKit,120,246D
ToolKit,150,0D
ToolKit,150,36D
ToolKit,150,97D
ToolKit,150,97D
ToolKit,150,113D
ToolKit,150,225D
ToolKit,180,0D
ToolKit,180,99D
ToolKit,180,99D
ToolKit,180,115D
ToolKit,180,254D
Full-stack Library,30,0D
Full-stack Library,30,7D
Full-stack Library,30,11D
Full-stack Library,30,14D
Full-stack Library,30,17D
Full-stack Library,30,40D
Full-stack Library,30,76D
Full-stack Library,60,0D
Full-stack Library,60,10D
Full-stack Library,60,17D
Full-stack Library,60,43D
Full-stack Library,60,93D
Full-stack Library,90,0D
Full-stack Library,90,10D
Full-stack Library,90,21D
Full-stack Library,90,92D
Full-stack Library,120,0D
Full-stack Library,120,19D
Full-stack Library,120,87D
Full-stack Library,150,0D
Full-stack Library,150,38D
Full-stack Library,180,0D
Full-stack Library,180,99D
Full-stack Library,180,244D
Full-stack Library,180,11D
Full-stack Library,180,59D
Full-stack Library,180,9D
Full-stack Library,180,25D
Full-stack Library,180,31D
Full-stack Library,180,42D
Full-stack Library,180,74D
Full-stack Library,180,74D
Full-stack Library,180,89D
Full-stack Library,180,100D
Full-stack Library,180,200D
Full-stack Library,180,339D
Full-stack Library,180,100D
Full-stack Library,180,200D
Full-stack Library,180,389D
Full-stack Library,180,429D
Full-stack Library,180,64D
Full-stack Library,180,100D
Full-stack Library,180,127D
Full-stack Library,180,289D
Full-stack Library,180,142D
Full-stack Library,180,300D
Full-stack Library,180,500D
Full-stack Library,180,657D
Full-stack Library,180,839D
Full-stack Library,180,10D
Full-stack Library,180,87D
Quantum Algorithsm,30,0D
Quantum Algorithsm,30,22D
Quantum Algorithsm,30,48D
Quantum Algorithsm,30,1D
Quantum Algorithsm,30,1D
Quantum Algorithsm,30,1D
Quantum Algorithsm,30,1D
Quantum Algorithsm,30,1D
Quantum Algorithsm,30,1D
Quantum Algorithsm,30,1D
Quantum Algorithsm,30,1D
Quantum Algorithsm,30,1D
Quantum Algorithsm,30,1D
Quantum Algorithsm,30,1D
Quantum Algorithsm,30,1D
Quantum Algorithsm,30,1D
Quantum Algorithsm,30,1D
Quantum Algorithsm,30,1D
Quantum Algorithsm,30,1D
Quantum Algorithsm,30,1D
Quantum Algorithsm,30,78D
Quantum Algorithsm,30,78D
Quantum Algorithsm,30,78D
Quantum Algorithsm,30,78D
Quantum Algorithsm,30,78D
Quantum Algorithsm,30,78D
Quantum Algorithsm,30,78D
Quantum Algorithsm,30,78D
Quantum Algorithsm,30,78D
Quantum Algorithsm,30,78D
Quantum Algorithsm,30,78D
Quantum Algorithsm,30,78D
Quantum Algorithsm,30,121D
Quantum Algorithsm,30,136D
Quantum Algorithsm,30,136D
Quantum Algorithsm,30,136D
Quantum Algorithsm,30,136D
Quantum Algorithsm,30,136D
Quantum Algorithsm,30,136D
Quantum Algorithsm,30,136D
Quantum Algorithsm,30,136D
Quantum Algorithsm,30,136D
Quantum Algorithsm,60,0D
Quantum Algorithsm,60,6D
Quantum Algorithsm,60,71D
Quantum Algorithsm,60,1D
Quantum Algorithsm,60,1D
Quantum Algorithsm,60,1D
Quantum Algorithsm,60,1D
Quantum Algorithsm,60,1D
Quantum Algorithsm,60,1D
Quantum Algorithsm,60,5D
Quantum Algorithsm,60,7D
Quantum Algorithsm,60,89D
Quantum Algorithsm,60,89D
Quantum Algorithsm,60,89D
Quantum Algorithsm,60,89D
Quantum Algorithsm,60,89D
Quantum Algorithsm,60,89D
Quantum Algorithsm,60,135D
Quantum Algorithsm,60,153D
Quantum Algorithsm,60,155D
Quantum Algorithsm,60,155D
Quantum Algorithsm,60,155D
Quantum Algorithsm,60,155D
Quantum Algorithsm,60,155D
Quantum Algorithsm,60,155D
Quantum Algorithsm,60,155D
Quantum Algorithsm,90,0D
Quantum Algorithsm,90,50D
Quantum Algorithsm,90,1D
Quantum Algorithsm,90,1D
Quantum Algorithsm,90,2D
Quantum Algorithsm,90,2D
Quantum Algorithsm,90,9D
Quantum Algorithsm,90,92D
Quantum Algorithsm,90,92D
Quantum Algorithsm,90,92D
Quantum Algorithsm,90,92D
Quantum Algorithsm,90,117D
Quantum Algorithsm,90,158D
Quantum Algorithsm,90,160D
Quantum Algorithsm,90,160D
Quantum Algorithsm,90,160D
Quantum Algorithsm,90,160D
Quantum Algorithsm,90,160D
Quantum Algorithsm,90,161D
Quantum Algorithsm,120,0D
Quantum Algorithsm,120,76D
Quantum Algorithsm,120,1D
Quantum Algorithsm,120,1D
Quantum Algorithsm,120,2D
Quantum Algorithsm,120,11D
Quantum Algorithsm,120,93D
Quantum Algorithsm,120,93D
Quantum Algorithsm,120,93D
Quantum Algorithsm,120,160D
Quantum Algorithsm,120,162D
Quantum Algorithsm,120,162D
Quantum Algorithsm,120,162D
Quantum Algorithsm,120,162D
Quantum Algorithsm,120,164D
Quantum Algorithsm,150,0D
Quantum Algorithsm,150,78D
Quantum Algorithsm,150,1D
Quantum Algorithsm,150,3D
Quantum Algorithsm,150,11D
Quantum Algorithsm,150,94D
Quantum Algorithsm,150,94D
Quantum Algorithsm,150,110D
Quantum Algorithsm,150,164D
Quantum Algorithsm,150,164D
Quantum Algorithsm,150,165D
Quantum Algorithsm,150,165D
Quantum Algorithsm,180,0D
Quantum Algorithsm,180,1D
Quantum Algorithsm,180,3D
Quantum Algorithsm,180,94D
Quantum Algorithsm,180,94D
Quantum Algorithsm,180,105D
Quantum Algorithsm,180,164D
Quantum Algorithsm,180,164D
Quantum Algorithsm,180,165D
Quantum Algorithsm,180,168D
Experimentation,30,0D
Experimentation,30,9D
Experimentation,30,13D
Experimentation,30,20D
Experimentation,30,26D
Experimentation,30,28D
Experimentation,30,41D
Experimentation,30,55D
Experimentation,30,55D
Experimentation,30,55D
Experimentation,30,55D
Experimentation,30,55D
Experimentation,30,55D
Experimentation,30,67D
Experimentation,30,150D
Experimentation,30,150D
Experimentation,30,189D
Experimentation,30,198D
Experimentation,30,203D
Experimentation,30,245D
Experimentation,30,246D
Experimentation,30,246D
Experimentation,30,246D
Experimentation,30,246D
Experimentation,30,246D
Experimentation,30,246D
Experimentation,30,246D
Experimentation,30,246D
Experimentation,30,264D
Experimentation,30,279D
Experimentation,30,281D
Experimentation,30,284D
Experimentation,30,339D
Experimentation,30,339D
Experimentation,30,339D
Experimentation,30,339D
Experimentation,30,339D
Experimentation,30,339D
Experimentation,30,339D
Experimentation,30,363D
Experimentation,30,433D
Experimentation,30,448D
Experimentation,30,469D
Experimentation,30,492D
Experimentation,30,16D
Experimentation,30,16D
Experimentation,30,16D
Experimentation,30,16D
Experimentation,30,16D
Experimentation,30,16D
Experimentation,30,16D
Experimentation,30,22D
Experimentation,30,91D
Experimentation,30,99D
Experimentation,30,99D
Experimentation,30,99D
Experimentation,30,99D
Experimentation,30,102D
Experimentation,30,102D
Experimentation,30,102D
Experimentation,30,102D
Experimentation,30,102D
Experimentation,30,102D
Experimentation,30,102D
Experimentation,30,102D
Experimentation,30,112D
Experimentation,30,112D
Experimentation,30,115D
Experimentation,30,115D
Experimentation,30,115D
Experimentation,30,115D
Experimentation,30,115D
Experimentation,30,115D
Experimentation,30,115D
Experimentation,30,115D
Experimentation,30,115D
Experimentation,30,115D
Experimentation,30,115D
Experimentation,30,115D
Experimentation,30,122D
Experimentation,60,0D
Experimentation,60,6D
Experimentation,60,33D
Experimentation,60,44D
Experimentation,60,52D
Experimentation,60,79D
Experimentation,60,79D
Experimentation,60,79D
Experimentation,60,96D
Experimentation,60,163D
Experimentation,60,212D
Experimentation,60,254D
Experimentation,60,263D
Experimentation,60,263D
Experimentation,60,263D
Experimentation,60,263D
Experimentation,60,300D
Experimentation,60,303D
Experimentation,60,360D
Experimentation,60,360D
Experimentation,60,360D
Experimentation,60,374D
Experimentation,60,458D
Experimentation,60,513D
Experimentation,60,16D
Experimentation,60,16D
Experimentation,60,16D
Experimentation,60,26D
Experimentation,60,102D
Experimentation,60,106D
Experimentation,60,112D
Experimentation,60,112D
Experimentation,60,112D
Experimentation,60,112D
Experimentation,60,112D
Experimentation,60,126D
Experimentation,60,129D
Experimentation,60,130D
Experimentation,60,132D
Experimentation,60,132D
Experimentation,60,132D
Experimentation,60,137D
Experimentation,90,0D
Experimentation,90,12D
Experimentation,90,40D
Experimentation,90,57D
Experimentation,90,86D
Experimentation,90,86D
Experimentation,90,93D
Experimentation,90,198D
Experimentation,90,250D
Experimentation,90,277D
Experimentation,90,277D
Experimentation,90,277D
Experimentation,90,317D
Experimentation,90,375D
Experimentation,90,375D
Experimentation,90,411D
Experimentation,90,511D
Experimentation,90,16D
Experimentation,90,16D
Experimentation,90,100D
Experimentation,90,109D
Experimentation,90,115D
Experimentation,90,115D
Experimentation,90,115D
Experimentation,90,130D
Experimentation,90,134D
Experimentation,90,137D
Experimentation,90,137D
Experimentation,90,143D
Experimentation,120,0D
Experimentation,120,1D
Experimentation,120,45D
Experimentation,120,64D
Experimentation,120,91D
Experimentation,120,97D
Experimentation,120,234D
Experimentation,120,291D
Experimentation,120,291D
Experimentation,120,327D
Experimentation,120,390D
Experimentation,120,390D
Experimentation,120,489D
Experimentation,120,16D
Experimentation,120,28D
Experimentation,120,108D
Experimentation,120,114D
Experimentation,120,114D
Experimentation,120,130D
Experimentation,120,135D
Experimentation,120,137D
Experimentation,120,144D
Experimentation,150,0D
Experimentation,150,3D
Experimentation,150,41D
Experimentation,150,78D
Experimentation,150,78D
Experimentation,150,230D
Experimentation,150,277D
Experimentation,150,277D
Experimentation,150,376D
Experimentation,150,376D
Experimentation,150,511D
Experimentation,150,16D
Experimentation,150,106D
Experimentation,150,116D
Experimentation,150,116D
Experimentation,150,136D
Experimentation,150,139D
Experimentation,150,142D
Experimentation,180,0D
Experimentation,180,48D
Experimentation,180,83D
Experimentation,180,94D
Experimentation,180,248D
Experimentation,180,290D
Experimentation,180,332D
Experimentation,180,390D
Experimentation,180,523D
Experimentation,180,16D
Experimentation,180,110D
Experimentation,180,116D
Experimentation,180,133D
Experimentation,180,140D
Experimentation,180,147D
Cryptography,30,0D
Cryptography,30,29D
Cryptography,30,41D
Cryptography,30,68D
Cryptography,30,68D
Cryptography,30,68D
Cryptography,30,68D
Cryptography,30,68D
Cryptography,30,68D
Cryptography,30,68D
Cryptography,30,82D
Cryptography,30,85D
Cryptography,30,89D
Cryptography,30,162D
Cryptography,30,162D
Cryptography,30,167D
Cryptography,60,0D
Cryptography,60,8D
Cryptography,60,42D
Cryptography,60,72D
Cryptography,60,86D
Cryptography,60,86D
Cryptography,60,86D
Cryptography,60,107D
Cryptography,60,125D
Cryptography,60,184D
Cryptography,90,0D
Cryptography,90,1D
Cryptography,90,15D
Cryptography,90,70D
Cryptography,90,92D
Cryptography,90,92D
Cryptography,90,114D
Cryptography,90,191D
Cryptography,120,0D
Cryptography,120,16D
Cryptography,120,67D
Cryptography,120,94D
Cryptography,120,111D
Cryptography,120,194D
Cryptography,150,0D
Cryptography,150,5D
Cryptography,150,60D
Cryptography,150,96D
Cryptography,150,119D
Cryptography,180,0D
Cryptography,180,6D
Cryptography,180,70D
Cryptography,180,97D
Cryptography,180,197D
Quantum Annealing,30,0D
Quantum Annealing,30,49D
Quantum Annealing,30,70D
Quantum Annealing,30,82D
Quantum Annealing,30,86D
Quantum Annealing,30,89D
Quantum Annealing,30,89D
Quantum Annealing,30,93D
Quantum Annealing,30,126D
Quantum Annealing,30,126D
Quantum Annealing,30,136D
Quantum Annealing,30,145D
Quantum Annealing,30,153D
Quantum Annealing,30,159D
Quantum Annealing,30,164D
Quantum Annealing,30,174D
Quantum Annealing,30,174D
Quantum Annealing,30,174D
Quantum Annealing,30,174D
Quantum Annealing,30,178D
Quantum Annealing,30,188D
Quantum Annealing,30,238D
Quantum Annealing,30,242D
Quantum Annealing,30,242D
Quantum Annealing,30,242D
Quantum Annealing,30,255D
Quantum Annealing,30,257D
Quantum Annealing,30,280D
Quantum Annealing,30,310D
Quantum Annealing,30,340D
Quantum Annealing,30,340D
Quantum Annealing,30,378D
Quantum Annealing,30,2D
Quantum Annealing,30,2D
Quantum Annealing,30,2D
Quantum Annealing,30,2D
Quantum Annealing,30,2D
Quantum Annealing,30,8D
Quantum Annealing,30,22D
Quantum Annealing,30,42D
Quantum Annealing,30,43D
Quantum Annealing,30,43D
Quantum Annealing,30,46D
Quantum Annealing,30,46D
Quantum Annealing,30,46D
Quantum Annealing,30,46D
Quantum Annealing,30,46D
Quantum Annealing,30,46D
Quantum Annealing,30,50D
Quantum Annealing,30,61D
Quantum Annealing,30,61D
Quantum Annealing,30,64D
Quantum Annealing,30,64D
Quantum Annealing,30,64D
Quantum Annealing,30,66D
Quantum Annealing,30,66D
Quantum Annealing,30,66D
Quantum Annealing,30,66D
Quantum Annealing,30,66D
Quantum Annealing,30,88D
Quantum Annealing,30,123D
Quantum Annealing,30,123D
Quantum Annealing,30,123D
Quantum Annealing,30,123D
Quantum Annealing,30,11D
Quantum Annealing,30,15D
Quantum Annealing,30,15D
Quantum Annealing,30,15D
Quantum Annealing,30,15D
Quantum Annealing,30,15D
Quantum Annealing,30,15D
Quantum Annealing,30,43D
Quantum Annealing,30,63D
Quantum Annealing,30,63D
Quantum Annealing,30,63D
Quantum Annealing,30,63D
Quantum Annealing,30,63D
Quantum Annealing,30,63D
Quantum Annealing,30,63D
Quantum Annealing,30,63D
Quantum Annealing,30,63D
Quantum Annealing,30,63D
Quantum Annealing,30,63D
Quantum Annealing,30,63D
Quantum Annealing,30,101D
Quantum Annealing,30,118D
Quantum Annealing,30,152D
Quantum Annealing,30,152D
Quantum Annealing,30,152D
Quantum Annealing,30,152D
Quantum Annealing,30,152D
Quantum Annealing,30,152D
Quantum Annealing,30,154D
Quantum Annealing,30,172D
Quantum Annealing,30,201D
Quantum Annealing,30,201D
Quantum Annealing,30,217D
Quantum Annealing,30,246D
Quantum Annealing,30,253D
Quantum Annealing,60,0D
Quantum Annealing,60,35D
Quantum Annealing,60,42D
Quantum Annealing,60,47D
Quantum Annealing,60,80D
Quantum Annealing,60,102D
Quantum Annealing,60,113D
Quantum Annealing,60,131D
Quantum Annealing,60,131D
Quantum Annealing,60,137D
Quantum Annealing,60,173D
Quantum Annealing,60,221D
Quantum Annealing,60,226D
Quantum Annealing,60,247D
Quantum Annealing,60,317D
Quantum Annealing,60,338D
Quantum Annealing,60,2D
Quantum Annealing,60,2D
Quantum Annealing,60,8D
Quantum Annealing,60,44D
Quantum Annealing,60,46D
Quantum Annealing,60,50D
Quantum Annealing,60,51D
Quantum Annealing,60,53D
Quantum Annealing,60,70D
Quantum Annealing,60,70D
Quantum Annealing,60,74D
Quantum Annealing,60,78D
Quantum Annealing,60,78D
Quantum Annealing,60,78D
Quantum Annealing,60,137D
Quantum Annealing,60,137D
Quantum Annealing,60,15D
Quantum Annealing,60,15D
Quantum Annealing,60,15D
Quantum Annealing,60,39D
Quantum Annealing,60,66D
Quantum Annealing,60,66D
Quantum Annealing,60,66D
Quantum Annealing,60,66D
Quantum Annealing,60,66D
Quantum Annealing,60,66D
Quantum Annealing,60,117D
Quantum Annealing,60,156D
Quantum Annealing,60,156D
Quantum Annealing,60,156D
Quantum Annealing,60,161D
Quantum Annealing,60,208D
Quantum Annealing,60,254D
Quantum Annealing,90,0D
Quantum Annealing,90,72D
Quantum Annealing,90,96D
Quantum Annealing,90,196D
Quantum Annealing,90,443D
Quantum Annealing,90,8D
Quantum Annealing,90,8D
Quantum Annealing,90,15D
Quantum Annealing,90,16D
Quantum Annealing,90,17D
Quantum Annealing,90,23D
Quantum Annealing,90,23D
Quantum Annealing,90,27D
Quantum Annealing,90,65D
Quantum Annealing,90,81D
Quantum Annealing,90,85D
Quantum Annealing,90,85D
Quantum Annealing,90,163D
Quantum Annealing,90,180D
Quantum Annealing,90,184D
Quantum Annealing,90,27D
Quantum Annealing,90,74D
Quantum Annealing,90,125D
Quantum Annealing,90,170D
Quantum Annealing,90,230D
Quantum Annealing,90,298D
Quantum Annealing,90,374D
Quantum Annealing,90,413D
Quantum Annealing,90,498D
Quantum Annealing,90,564D
Quantum Annealing,90,698D
Quantum Annealing,90,736D
Quantum Annealing,90,80D
Quantum Annealing,90,99D
Quantum Annealing,90,129D
Quantum Annealing,90,171D
Quantum Annealing,90,190D
Quantum Annealing,90,200D
Quantum Annealing,90,214D
Quantum Annealing,90,300D
Quantum Annealing,90,315D
Quantum Annealing,90,395D
Quantum Annealing,90,442D
Quantum Annealing,90,2D
Quantum Annealing,90,9D
Quantum Annealing,90,47D
Quantum Annealing,90,51D
Quantum Annealing,90,52D
Quantum Annealing,90,70D
Quantum Annealing,90,80D
Quantum Annealing,90,84D
Quantum Annealing,90,84D
Quantum Annealing,90,144D
Quantum Annealing,90,166D
Quantum Annealing,90,15D
Quantum Annealing,90,16D
Quantum Annealing,90,68D
Quantum Annealing,90,68D
Quantum Annealing,90,68D
Quantum Annealing,90,68D
Quantum Annealing,90,68D
Quantum Annealing,90,164D
Quantum Annealing,90,164D
Quantum Annealing,90,170D
Quantum Annealing,90,234D
Quantum Annealing,90,281D
Quantum Annealing,120,0D
Quantum Annealing,120,91D
Quantum Annealing,120,197D
Quantum Annealing,120,8D
Quantum Annealing,120,16D
Quantum Annealing,120,17D
Quantum Annealing,120,19D
Quantum Annealing,120,24D
Quantum Annealing,120,29D
Quantum Annealing,120,72D
Quantum Annealing,120,87D
Quantum Annealing,120,87D
Quantum Annealing,120,168D
Quantum Annealing,120,186D
Quantum Annealing,120,48D
Quantum Annealing,120,100D
Quantum Annealing,120,172D
Quantum Annealing,120,254D
Quantum Annealing,120,309D
Quantum Annealing,120,408D
Quantum Annealing,120,509D
Quantum Annealing,120,606D
Quantum Annealing,120,721D
Quantum Annealing,120,93D
Quantum Annealing,120,100D
Quantum Annealing,120,171D
Quantum Annealing,120,200D
Quantum Annealing,120,205D
Quantum Annealing,120,300D
Quantum Annealing,120,325D
Quantum Annealing,120,404D
Quantum Annealing,120,2D
Quantum Annealing,120,45D
Quantum Annealing,120,51D
Quantum Annealing,120,54D
Quantum Annealing,120,71D
Quantum Annealing,120,80D
Quantum Annealing,120,80D
Quantum Annealing,120,140D
Quantum Annealing,120,15D
Quantum Annealing,120,41D
Quantum Annealing,120,68D
Quantum Annealing,120,68D
Quantum Annealing,120,68D
Quantum Annealing,120,166D
Quantum Annealing,120,166D
Quantum Annealing,120,219D
Quantum Annealing,120,278D
Quantum Annealing,150,0D
Quantum Annealing,150,92D
Quantum Annealing,150,198D
Quantum Annealing,150,8D
Quantum Annealing,150,16D
Quantum Annealing,150,18D
Quantum Annealing,150,24D
Quantum Annealing,150,34D
Quantum Annealing,150,82D
Quantum Annealing,150,87D
Quantum Annealing,150,169D
Quantum Annealing,150,187D
Quantum Annealing,150,52D
Quantum Annealing,150,143D
Quantum Annealing,150,231D
Quantum Annealing,150,308D
Quantum Annealing,150,453D
Quantum Annealing,150,562D
Quantum Annealing,150,727D
Quantum Annealing,150,97D
Quantum Annealing,150,138D
Quantum Annealing,150,182D
Quantum Annealing,150,197D
Quantum Annealing,150,292D
Quantum Annealing,150,387D
Quantum Annealing,150,3D
Quantum Annealing,150,47D
Quantum Annealing,150,52D
Quantum Annealing,150,71D
Quantum Annealing,150,80D
Quantum Annealing,150,141D
Quantum Annealing,150,15D
Quantum Annealing,150,68D
Quantum Annealing,150,68D
Quantum Annealing,150,68D
Quantum Annealing,150,166D
Quantum Annealing,150,173D
Quantum Annealing,150,266D
Quantum Annealing,180,0D
Quantum Annealing,180,1D
Quantum Annealing,180,68D
Quantum Annealing,180,188D
Quantum Annealing,180,8D
Quantum Annealing,180,17D
Quantum Annealing,180,22D
Quantum Annealing,180,29D
Quantum Annealing,180,82D
Quantum Annealing,180,87D
Quantum Annealing,180,183D
Quantum Annealing,180,74D
Quantum Annealing,180,172D
Quantum Annealing,180,300D
Quantum Annealing,180,409D
Quantum Annealing,180,565D
Quantum Annealing,180,738D
Quantum Annealing,180,98D
Quantum Annealing,180,171D
Quantum Annealing,180,200D
Quantum Annealing,180,300D
Quantum Annealing,180,395D
Quantum Annealing,180,9D
Quantum Annealing,180,51D
Quantum Annealing,180,62D
Quantum Annealing,180,84D
Quantum Annealing,180,145D
Quantum Annealing,180,16D
Quantum Annealing,180,68D
Quantum Annealing,180,68D
Quantum Annealing,180,167D
Quantum Annealing,180,174D
Quantum Annealing,180,274D
Assembly,30,0D
Assembly,30,16D
Assembly,30,45D
Assembly,60,0D
Assembly,60,2D
Assembly,60,4D
Assembly,60,4D
Assembly,60,4D
Assembly,60,4D
Assembly,60,5D
Assembly,60,5D
Assembly,60,32D
Assembly,90,0D
Assembly,90,8D
Assembly,90,8D
Assembly,90,8D
Assembly,90,10D
Assembly,90,18D
Assembly,90,73D
Assembly,120,0D
Assembly,120,10D
Assembly,120,10D
Assembly,120,13D
Assembly,120,21D
Assembly,150,0D
Assembly,150,11D
Assembly,150,11D
Assembly,150,22D
Assembly,180,0D
Assembly,180,12D
Assembly,180,16D
Assembly,180,80D
Compiler,30,0D
Compiler,30,1D
Compiler,30,29D
Compiler,30,76D
Compiler,30,94D
Compiler,30,94D
Compiler,30,94D
Compiler,30,94D
Compiler,30,94D
Compiler,30,94D
Compiler,30,94D
Compiler,30,94D
Compiler,30,94D
Compiler,30,113D
Compiler,30,117D
Compiler,30,137D
Compiler,30,154D
Compiler,30,160D
Compiler,30,183D
Compiler,30,183D
Compiler,30,183D
Compiler,30,183D
Compiler,30,183D
Compiler,30,183D
Compiler,30,183D
Compiler,30,227D
Compiler,60,0D
Compiler,60,25D
Compiler,60,96D
Compiler,60,97D
Compiler,60,97D
Compiler,60,97D
Compiler,60,97D
Compiler,60,127D
Compiler,60,160D
Compiler,60,190D
Compiler,60,193D
Compiler,60,194D
Compiler,60,194D
Compiler,60,281D
Compiler,90,50D
Compiler,90,56D
Compiler,90,56D
Compiler,90,112D
Compiler,90,109D
Compiler,90,200D
Compiler,90,300D
Compiler,90,311D
Compiler,90,375D
Compiler,90,444D
Compiler,90,497D
Compiler,90,597D
Compiler,90,597D
Compiler,90,619D
Compiler,90,627D
Compiler,90,696D
Compiler,90,781D
Compiler,90,2D
Compiler,90,95D
Compiler,90,96D
Compiler,90,96D
Compiler,90,121D
Compiler,90,158D
Compiler,90,194D
Compiler,90,195D
Compiler,90,228D
Compiler,120,56D
Compiler,120,56D
Compiler,120,109D
Compiler,120,147D
Compiler,120,295D
Compiler,120,310D
Compiler,120,400D
Compiler,120,500D
Compiler,120,600D
Compiler,120,606D
Compiler,120,630D
Compiler,120,700D
Compiler,120,788D
Compiler,120,25D
Compiler,120,100D
Compiler,120,100D
Compiler,120,131D
Compiler,120,195D
Compiler,120,199D
Compiler,120,269D
Compiler,150,56D
Compiler,150,56D
Compiler,150,200D
Compiler,150,300D
Compiler,150,373D
Compiler,150,500D
Compiler,150,600D
Compiler,150,623D
Compiler,150,700D
Compiler,150,785D
Compiler,150,76D
Compiler,150,100D
Compiler,150,126D
Compiler,150,196D
Compiler,150,200D
Compiler,180,56D
Compiler,180,110D
Compiler,180,200D
Compiler,180,310D
Compiler,180,442D
Compiler,180,600D
Compiler,180,623D
Compiler,180,700D
Compiler,180,96D
Compiler,180,97D
Compiler,180,156D
Compiler,180,197D
Simulator,30,0D
Simulator,30,10D
Simulator,30,12D
Simulator,30,13D
Simulator,30,15D
Simulator,30,22D
Simulator,30,26D
Simulator,30,26D
Simulator,30,29D
Simulator,30,31D
Simulator,30,32D
Simulator,30,35D
Simulator,30,41D
Simulator,30,41D
Simulator,30,41D
Simulator,30,41D
Simulator,30,41D
Simulator,30,41D
Simulator,30,41D
Simulator,30,41D
Simulator,30,41D
Simulator,30,41D
Simulator,30,41D
Simulator,30,41D
Simulator,30,41D
Simulator,30,41D
Simulator,30,41D
Simulator,30,41D
Simulator,30,41D
Simulator,30,57D
Simulator,30,61D
Simulator,30,71D
Simulator,30,124D
Simulator,60,0D
Simulator,60,13D
Simulator,60,14D
Simulator,60,27D
Simulator,60,31D
Simulator,60,34D
Simulator,60,43D
Simulator,60,43D
Simulator,60,43D
Simulator,60,43D
Simulator,60,43D
Simulator,60,43D
Simulator,60,43D
Simulator,60,43D
Simulator,60,43D
Simulator,60,67D
Simulator,60,95D
Simulator,90,0D
Simulator,90,10D
Simulator,90,72D
Simulator,90,72D
Simulator,90,72D
Simulator,90,113D
Simulator,90,163D
Simulator,90,170D
Simulator,90,254D
Simulator,90,1D
Simulator,90,5D
Simulator,90,22D
Simulator,90,73D
Simulator,90,134D
Simulator,90,134D
Simulator,90,11D
Simulator,90,14D
Simulator,90,27D
Simulator,90,34D
Simulator,90,43D
Simulator,90,43D
Simulator,90,43D
Simulator,90,43D
Simulator,90,43D
Simulator,90,43D
Simulator,90,74D
Simulator,120,0D
Simulator,120,79D
Simulator,120,79D
Simulator,120,79D
Simulator,120,157D
Simulator,120,177D
Simulator,120,1D
Simulator,120,19D
Simulator,120,73D
Simulator,120,134D
Simulator,120,13D
Simulator,120,27D
Simulator,120,34D
Simulator,120,43D
Simulator,120,43D
Simulator,120,43D
Simulator,120,43D
Simulator,120,72D
Simulator,150,0D
Simulator,150,16D
Simulator,150,84D
Simulator,150,84D
Simulator,150,174D
Simulator,150,183D
Simulator,150,1D
Simulator,150,51D
Simulator,150,186D
Simulator,150,225D
Simulator,150,14D
Simulator,150,31D
Simulator,150,43D
Simulator,150,43D
Simulator,150,43D
Simulator,150,43D
Simulator,180,0D
Simulator,180,1D
Simulator,180,1D
Simulator,180,1D
Simulator,180,1D
Simulator,180,19D
Simulator,180,88D
Simulator,180,107D
Simulator,180,188D
Simulator,180,5D
Simulator,180,73D
Simulator,180,134D
Simulator,180,14D
Simulator,180,34D
Simulator,180,43D
Simulator,180,43D
Simulator,180,43D
